Name,Age,Email,Phone,Address,City,State,Country
John Doe,30,johndoe@email.com,123-456-7890,123 Main St,New York,NY,USA
Jane Smith,25,janesmith@email.com,987-654-3210,456 Elm St,Los Angeles,CA,USA
Bob Johnson,35,bobjohnson@email.com,555-555-5555,789 Oak St,San Francisco,CA,USA
Alice Brown,28,alicebrown@email.com,111-222-3333,101 Pine St,Chicago,IL,USA
David Lee,40,davidlee@email.com,444-777-8888,222 Cedar St,Boston,MA,USA
Eva White,22,evawhite@email.com,999-999-9999,333 Birch St,Miami,FL,USA
Michael Wilson,32,michaelwilson@email.com,333-444-5555,444 Maple St,Atlanta,GA,USA
Linda Davis,45,lindadavis@email.com,777-888-9999,555 Redwood St,Dallas,TX,USA
Mark Turner,29,markturner@email.com,666-333-1111,666 Willow St,Denver,CO,USA
Sara Miller,38,saramiller@email.com,222-111-4444,777 Walnut St,Houston,TX,USA
Tom Harris,27,tomharris@email.com,555-888-1111,888 Oakwood St,Phoenix,AZ,USA
Emily Hall,33,emilyhall@email.com,777-666-3333,999 Elmwood St,Seattle,WA,USA
Robert Clark,50,robertclark@email.com,123-987-6543,111 Cedarwood St,Portland,OR,USA
Sophia Green,26,sophiagreen@email.com,888-555-1111,222 Birchwood St,San Diego,CA,USA
William Martin,42,williammartin@email.com,555-666-7777,333 Redwoodwood St,San Antonio,TX,USA
Olivia Turner,31,oliviaturner@email.com,111-333-6666,444 Maplewood St,Minneapolis,MN,USA
James Walker,48,jameswalker@email.com,777-111-2222,555 Oakridge St,Raleigh,NC,USA
Grace Evans,24,graceevans@email.com,444-555-6666,666 Elmridge St,Philadelphia,PA,USA
Daniel Harris,37,danielharris@email.com,222-333-4444,777 Cedarwood St,Pittsburgh,PA,USA
Sophia Adams,29,sophiaadams@email.com,555-444-3333,999 Pinegrove St,Orlando,FL,USA
